movie_id,avg_rating,year,genre_Action,genre_Adventure,genre_Animation,genre_Biography,genre_Comedy,genre_Crime,genre_Drama,genre_Horror,genre_Mystery
1,1.0,0.6341463414634134,False,False,False,False,False,False,True,False,False
2,0.9583333333333326,0.3658536585365866,False,False,False,False,False,True,False,False,False
3,0.8749999999999996,0.8048780487804876,True,False,False,False,False,False,False,False,False
4,0.833333333333333,0.6341463414634134,False,False,False,False,False,True,False,False,False
5,0.8749999999999996,0.6219512195121943,False,False,False,True,False,False,False,False,False
6,0.8749999999999996,0.7439024390243922,False,True,False,False,False,False,False,False,False
7,0.7916666666666665,0.6341463414634134,False,False,False,False,False,False,True,False,False
8,0.7916666666666665,0.8292682926829258,True,False,False,False,False,False,False,False,False
9,0.7916666666666665,0.6951219512195124,False,False,False,False,False,False,True,False,False
10,0.7499999999999996,0.6951219512195124,True,False,False,False,False,False,False,False,False
11,0.7499999999999996,0.5853658536585371,False,False,False,True,False,False,False,False,False
12,0.7499999999999996,0.8780487804878057,False,True,False,False,False,False,False,False,False
13,0.708333333333333,0.5975609756097562,False,False,False,False,False,True,False,False,False
14,0.708333333333333,0.6829268292682933,False,False,False,False,False,False,True,False,False
15,0.708333333333333,0.6951219512195124,False,False,False,False,False,True,False,False,False
16,0.6666666666666665,0.939024390243901,False,False,False,False,True,False,False,False,False
17,0.625,0.939024390243901,True,False,False,False,False,False,False,False,False
18,0.625,0.939024390243901,False,False,False,False,False,True,False,False,False
19,0.5833333333333335,0.939024390243901,False,False,False,False,False,False,True,False,False
20,0.5416666666666661,0.9634146341463428,False,True,False,False,False,False,False,False,False
21,0.6666666666666665,0.7804878048780495,False,False,False,False,False,False,True,False,False
22,0.5416666666666661,0.7926829268292686,False,False,False,False,False,True,False,False,False
23,0.5416666666666661,0.7926829268292686,False,False,False,False,False,False,True,False,False
24,0.49999999999999956,0.8902439024390247,True,False,False,False,False,False,False,False,False
25,0.45833333333333304,0.9024390243902438,False,False,False,False,False,False,True,False,False
26,0.6666666666666665,0.8780487804878057,False,False,False,False,False,False,True,False,False
27,0.45833333333333304,0.8658536585365866,False,False,False,False,False,False,True,False,False
28,0.33333333333333304,0.8780487804878057,False,False,False,False,False,False,True,False,False
29,0.45833333333333304,0.9146341463414629,True,False,False,False,False,False,False,False,False
30,0.49999999999999956,0.8780487804878057,False,True,False,False,False,False,False,False,False
31,0.20833333333333304,0.9024390243902438,False,False,False,False,False,False,True,False,False
32,0.49999999999999956,0.8658536585365866,False,False,False,True,False,False,False,False,False
33,0.45833333333333304,0.8902439024390247,False,True,False,False,False,False,False,False,False
34,0.49999999999999956,0.8780487804878057,False,False,False,False,False,False,True,False,False
35,0.37499999999999956,0.8292682926829258,False,False,False,True,False,False,False,False,False
36,0.5416666666666661,0.8658536585365866,False,False,False,True,False,False,False,False,False
37,0.6666666666666665,0.8536585365853675,False,False,False,False,False,False,True,False,False
38,0.625,0.8170731707317067,False,True,False,False,False,False,False,False,False
39,0.5416666666666661,0.7195121951219505,False,False,False,True,False,False,False,False,False
40,0.6666666666666665,0.7073170731707314,True,False,False,False,False,False,False,False,False
41,0.625,0.926829268292682,False,False,True,False,False,False,False,False,False
42,0.833333333333333,0.9878048780487809,False,False,False,True,False,False,False,False,False
43,0.45833333333333304,0.9756097560975618,True,False,False,False,False,False,False,False,False
44,0.5833333333333335,0.9756097560975618,True,False,False,False,False,False,False,False,False
45,0.37499999999999956,0.9756097560975618,True,False,False,False,False,False,False,False,False
46,0.708333333333333,0.7195121951219505,False,False,True,False,False,False,False,False,False
47,0.7499999999999996,0.9878048780487809,False,False,True,False,False,False,False,False,False
48,0.4166666666666665,0.9878048780487809,True,False,False,False,False,False,False,False,False
49,0.708333333333333,0.646341463414636,False,False,False,False,False,True,False,False,False
50,0.625,0.7073170731707314,False,False,False,False,False,False,False,False,True
51,0.6666666666666665,0.7804878048780495,False,False,False,False,False,True,False,False,False
52,0.6666666666666665,0.6341463414634134,False,False,True,False,False,False,False,False,False
53,0.5416666666666661,0.6219512195121943,True,False,False,False,False,False,False,False,False
54,0.6666666666666665,0.5243902439024382,False,True,False,False,False,False,False,False,False
55,0.708333333333333,0.5975609756097562,True,False,False,False,False,False,False,False,False
56,0.6666666666666665,0.4512195121951237,False,False,False,False,False,False,False,True,False
57,0.625,0.5365853658536572,True,False,False,False,False,False,False,False,False
58,0.7499999999999996,0.46341463414634276,True,False,False,False,False,False,False,False,False
59,0.625,0.46341463414634276,False,False,False,False,False,False,True,False,False
60,0.625,0.8048780487804876,False,False,True,False,False,False,False,False,False
61,0.625,0.9146341463414629,False,False,True,False,False,False,False,False,False
62,0.5833333333333335,0.8170731707317067,False,False,True,False,False,False,False,False,False
63,0.5833333333333335,0.646341463414636,False,False,True,False,False,False,False,False,False
64,0.5416666666666661,0.7439024390243922,False,False,True,False,False,False,False,False,False
65,0.49999999999999956,0.7195121951219505,False,False,True,False,False,False,False,False,False
66,0.5416666666666661,0.6829268292682933,False,False,False,False,True,False,False,False,False
67,0.5416666666666661,0.8292682926829258,False,False,False,False,False,False,False,False,True
68,0.5833333333333335,0.7560975609756113,False,False,False,False,False,False,True,False,False
69,0.4166666666666665,0.9024390243902438,False,False,False,False,False,False,True,False,False
70,0.49999999999999956,0.9146341463414629,True,False,False,False,False,False,False,False,False
71,0.45833333333333304,0.9024390243902438,True,False,False,False,False,False,False,False,False
72,0.4166666666666665,0.8048780487804876,True,False,False,False,False,False,False,False,False
73,0.45833333333333304,0.8780487804878057,True,False,False,False,False,False,False,False,False
74,0.16666666666666652,0.926829268292682,True,False,False,False,False,False,False,False,False
75,0.4166666666666665,0.9146341463414629,True,False,False,False,False,False,False,False,False
76,0.45833333333333304,0.7804878048780495,True,False,False,False,False,False,False,False,False
77,0.37499999999999956,0.8536585365853675,True,False,False,False,False,False,False,False,False
78,0.4166666666666665,0.939024390243901,False,False,False,False,True,False,False,False,False
79,0.49999999999999956,0.939024390243901,True,False,False,False,False,False,False,False,False
80,0.2916666666666661,0.939024390243901,False,False,False,False,True,False,False,False,False
81,0.5416666666666661,0.7439024390243922,True,False,False,False,False,False,False,False,False
82,0.5416666666666661,0.7804878048780495,False,False,False,False,False,False,True,False,False
83,0.16666666666666652,0.9146341463414629,False,False,False,False,False,False,True,False,False
84,0.5416666666666661,0.6951219512195124,False,False,False,False,False,False,True,False,False
85,0.37499999999999956,0.9146341463414629,False,False,False,False,False,False,False,True,False
86,0.16666666666666652,0.926829268292682,False,False,False,False,False,False,True,False,False
87,0.24999999999999956,0.926829268292682,False,False,False,False,False,False,True,False,False
88,0.24999999999999956,0.8658536585365866,False,False,False,False,False,False,False,True,False
89,0.625,0.6707317073170742,False,False,True,False,False,False,False,False,False
90,0.5416666666666661,0.7560975609756113,False,False,True,False,False,False,False,False,False
91,0.625,0.9024390243902438,False,False,True,False,False,False,False,False,False
92,0.2916666666666661,0.9024390243902438,True,False,False,False,False,False,False,False,False
93,0.625,0.7439024390243922,True,False,False,False,False,False,False,False,False
94,0.49999999999999956,0.9024390243902438,False,False,False,False,False,False,True,False,False
95,0.708333333333333,0.7317073170731696,False,False,False,False,False,True,False,False,False
96,0.6666666666666665,0.560975609756099,False,False,False,False,False,False,True,False,False
97,0.708333333333333,0.6707317073170742,False,False,False,False,True,False,False,False,False
98,0.6666666666666665,0.8414634146341449,False,False,False,True,False,False,False,False,False
99,0.625,0.8170731707317067,False,False,False,False,True,False,False,False,False
100,0.5833333333333335,0.9024390243902438,True,False,False,False,False,False,False,False,False
101,0.625,0.926829268292682,True,False,False,False,False,False,False,False,False
102,0.4166666666666665,0.6707317073170742,False,False,False,False,False,False,True,False,False
103,0.4166666666666665,0.8170731707317067,True,False,False,False,False,False,False,False,False
104,0.7916666666666665,0.7195121951219505,False,True,False,False,False,False,False,False,False
105,0.7916666666666665,0.7317073170731696,False,True,False,False,False,False,False,False,False
106,0.625,0.8536585365853675,True,False,False,False,False,False,False,False,False
107,0.5416666666666661,0.7682926829268304,True,False,False,False,False,False,False,False,False
108,0.125,0.7439024390243922,True,False,False,False,False,False,False,False,False
109,0.45833333333333304,0.9634146341463428,True,False,False,False,False,False,False,False,False
110,0.24999999999999956,0.9024390243902438,True,False,False,False,False,False,False,False,False
111,0.45833333333333304,0.7560975609756113,False,False,True,False,False,False,False,False,False
112,0.49999999999999956,0.7926829268292686,False,False,True,False,False,False,False,False,False
113,0.49999999999999956,0.8902439024390247,False,False,True,False,False,False,False,False,False
114,0.45833333333333304,0.9512195121951237,False,False,True,False,False,False,False,False,False
115,0.4166666666666665,0.7195121951219505,False,False,True,False,False,False,False,False,False
116,0.49999999999999956,0.8292682926829258,False,False,True,False,False,False,False,False,False
117,0.2916666666666661,0.8048780487804876,False,False,True,False,False,False,False,False,False
118,0.6666666666666665,0.560975609756099,False,False,True,False,False,False,False,False,False
119,0.45833333333333304,0.560975609756099,False,False,True,False,False,False,False,False,False
120,0.45833333333333304,0.646341463414636,False,False,True,False,False,False,False,False,False
121,0.5833333333333335,0.646341463414636,True,False,False,False,False,False,False,False,False
122,0.5833333333333335,0.5,False,False,False,False,False,True,False,False,False
123,0.5416666666666661,0.4146341463414629,False,False,False,False,False,True,False,False,False
124,0.5833333333333335,0.6707317073170742,False,False,False,False,False,False,True,False,False
125,0.49999999999999956,0.573170731707318,False,False,False,False,True,False,False,False,False
126,0.37499999999999956,0.7073170731707314,False,True,False,False,False,False,False,False,False
127,0.45833333333333304,0.7439024390243922,True,False,False,False,False,False,False,False,False
128,0.8749999999999996,0.39024390243902474,False,False,False,False,False,True,False,False,False
129,0.5833333333333335,0.3170731707317067,False,True,False,False,False,False,False,False,False
130,0.5833333333333335,0.3536585365853675,False,False,False,False,False,True,False,False,False
131,0.6666666666666665,0.21951219512195053,False,False,False,False,False,False,False,True,False
132,0.6666666666666665,0.14634146341463605,False,False,False,False,False,False,False,False,True
133,0.5833333333333335,0.19512195121951237,False,False,False,False,False,False,False,False,True
134,0.6666666666666665,0.0,False,False,False,False,False,False,True,False,False
135,0.8749999999999996,0.1829268292682933,False,False,False,False,False,True,False,False,False
136,0.5833333333333335,0.7195121951219505,False,False,False,False,True,False,False,False,False
137,0.33333333333333304,0.926829268292682,False,False,False,False,False,False,True,False,False
138,0.625,0.7804878048780495,False,False,False,False,False,False,True,False,False
139,0.49999999999999956,0.7439024390243922,False,False,False,False,False,True,False,False,False
140,0.4166666666666665,0.7073170731707314,True,False,False,False,False,False,False,False,False
141,0.45833333333333304,0.9756097560975618,True,False,False,False,False,False,False,False,False
142,0.49999999999999956,0.7195121951219505,False,True,False,False,False,False,False,False,False
143,0.5416666666666661,0.7560975609756113,False,False,False,False,False,False,True,False,False
144,0.5833333333333335,0.7926829268292686,False,False,False,False,False,False,True,False,False
145,0.5416666666666661,0.8414634146341449,False,False,False,False,True,False,False,False,False
146,0.5416666666666661,0.926829268292682,False,False,False,False,False,True,False,False,False
147,0.5416666666666661,0.926829268292682,False,False,False,False,False,False,True,False,False
148,0.49999999999999956,0.8536585365853675,False,False,False,False,True,False,False,False,False
149,0.5416666666666661,0.8536585365853675,True,False,False,False,False,False,False,False,False
150,0.5416666666666661,0.8902439024390247,False,False,False,False,False,True,False,False,False
151,0.45833333333333304,0.8902439024390247,True,False,False,False,False,False,False,False,False
152,0.5416666666666661,0.9146341463414629,True,False,False,False,False,False,False,False,False
153,0.5416666666666661,0.926829268292682,True,False,False,False,False,False,False,False,False
154,0.5833333333333335,0.9756097560975618,True,False,False,False,False,False,False,False,False
155,0.5833333333333335,0.9756097560975618,True,False,False,False,False,False,False,False,False
156,0.49999999999999956,0.8658536585365866,False,False,False,False,True,False,False,False,False
157,0.5416666666666661,0.4024390243902438,True,False,False,False,False,False,False,False,False
158,0.49999999999999956,0.646341463414636,False,False,False,False,False,False,True,False,False
159,0.49999999999999956,0.7195121951219505,False,False,False,False,True,False,False,False,False
160,0.49999999999999956,0.7926829268292686,False,False,False,False,False,False,True,False,False
161,0.125,0.9878048780487809,False,True,False,False,False,False,False,False,False
162,0.45833333333333304,0.8048780487804876,False,False,False,False,False,False,True,False,False
163,0.45833333333333304,0.8292682926829258,False,False,False,False,False,False,True,False,False
164,0.5833333333333335,0.7073170731707314,False,False,False,False,False,False,True,False,False
165,0.6666666666666665,0.6829268292682933,False,False,False,False,False,True,False,False,False
166,0.4166666666666665,0.8414634146341449,False,False,False,False,True,False,False,False,False
167,0.33333333333333304,0.8658536585365866,False,False,False,False,False,False,True,False,False
168,0.33333333333333304,0.8780487804878057,False,False,False,False,True,False,False,False,False
169,0.49999999999999956,0.8902439024390247,False,False,False,True,False,False,False,False,False
170,0.37499999999999956,0.8902439024390247,False,False,False,True,False,False,False,False,False
171,0.08333333333333304,0.939024390243901,False,False,False,False,False,False,True,False,False
172,0.0,0.939024390243901,False,False,False,False,False,False,False,True,False
173,0.0,0.9756097560975618,False,False,False,False,False,False,False,True,False
174,0.08333333333333304,0.9756097560975618,False,False,False,False,True,False,False,False,False
175,0.37499999999999956,0.8902439024390247,False,False,False,False,False,True,False,False,False
176,0.5833333333333335,0.6097560975609753,False,False,False,False,False,True,False,False,False
177,0.45833333333333304,0.7560975609756113,True,False,False,False,False,False,False,False,False
178,0.37499999999999956,0.8414634146341449,True,False,False,False,False,False,False,False,False
179,0.4166666666666665,0.8780487804878057,False,False,False,False,False,True,False,False,False
180,0.49999999999999956,0.8658536585365866,False,False,False,False,False,True,False,False,False
181,0.2916666666666661,0.8902439024390247,True,False,False,False,False,False,False,False,False
182,0.708333333333333,1.0,True,False,False,False,False,False,False,False,False
183,0.33333333333333304,0.926829268292682,True,False,False,False,False,False,False,False,False
184,0.24999999999999956,0.8658536585365866,True,False,False,False,False,False,False,False,False
185,0.4166666666666665,0.7560975609756113,False,True,False,False,False,False,False,False,False
186,0.49999999999999956,0.8414634146341449,False,True,False,False,False,False,False,False,False
187,0.708333333333333,0.426829268292682,True,False,False,False,False,False,False,False,False
188,0.5833333333333335,0.5,True,False,False,False,False,False,False,False,False
189,0.625,0.47560975609756184,True,False,False,False,False,False,False,False,False
190,0.5416666666666661,0.573170731707318,True,False,False,False,False,False,False,False,False
191,0.49999999999999956,0.37804878048780566,False,False,False,False,False,False,False,True,False
192,0.5416666666666661,0.4878048780487809,False,False,False,False,False,False,False,True,False
193,0.33333333333333304,0.43902439024390105,False,False,False,False,False,False,False,True,False
194,0.20833333333333304,0.6585365853658551,False,False,False,False,False,False,False,True,False
195,0.20833333333333304,0.939024390243901,False,False,False,False,False,False,True,False,False
196,0.2916666666666661,0.926829268292682,False,False,False,False,True,False,False,False,False
197,0.49999999999999956,0.8536585365853675,False,False,False,False,False,False,False,False,True
198,0.5416666666666661,0.939024390243901,True,False,False,False,False,False,False,False,False
199,0.49999999999999956,0.8048780487804876,False,False,False,False,False,True,False,False,False
200,0.45833333333333304,0.8780487804878057,True,False,False,False,False,False,False,False,False
